                  epoch,         train/box_loss,         train/cls_loss,         train/dfl_loss,   metrics/precision(B),      metrics/recall(B),       metrics/mAP50(B),    metrics/mAP50-95(B),           val/box_loss,           val/cls_loss,           val/dfl_loss,                 lr/pg0,                 lr/pg1,                 lr/pg2
                      0,                 1.0909,                 1.4221,                 1.2248,                0.94664,                0.98382,                  0.995,                0.79923,                0.65683,                0.55676,                0.92135,             0.00040833,             0.00040833,             0.00040833
                      1,                0.81993,                 0.6562,                 1.0435,                0.89717,                      1,                  0.995,                0.85543,                  0.564,                0.47846,                0.90236,             0.00066165,             0.00066165,             0.00066165
                      2,                0.71482,                0.53724,                0.99315,                0.93542,                      1,                  0.995,                 0.7959,                0.50008,                0.45008,                0.86707,             0.00074997,             0.00074997,             0.00074997
                      3,                0.66453,                0.49133,                0.97065,                0.96347,                      1,                  0.995,                0.83306,                0.42878,                0.33528,                0.84473,              0.0005075,              0.0005075,              0.0005075
                      4,                0.58344,                0.43419,                 0.9366,                0.97751,                      1,                  0.995,                0.87232,                 0.4015,                0.24171,                 0.8338,              0.0005075,              0.0005075,              0.0005075
